tipo_empresa,anio,n_empresas,ingresos,utilidad_neta,uai,activos,patrimonio,gb,ing_mb,pct_perdida_operativa,pct_perdida_neta,margen_bruto_mediana,ing_uai,cob_uai,cob_mb,margen_bruto_agr,margen_operativo_agr,margen_neto_agr,roa_agr,roe_agr,precio_prom,precio_max,precio_min,precio_std,n_meses_precio,precio_var_yoy_pct,oni_prom,oni_max,oni_min,enso_dominante,es_anio_nino,es_anio_nina,p100,dp10,crec_ventas_pct
Manufacturera,2011,23,662326800.05,26100223.03,39608839.43,410972038.08,186248276.18,98190312.27,662294287.04,0.043478260869565216,0.08695652173913043,0.13780566150206863,662326800.05,1.0,0.9565217391304348,0.1482578276627497,0.05980256185769604,0.03940686535412678,0.06350851301693504,0.14013672268716942,1765.8333333333333,2005.0,1475.0,181.91947935748107,12.0,,-0.7691666666666667,-0.34,-1.29,La Niña,0,1,17.65833333333333,,
Manufacturera,2012,28,779061000.14,36650145.76,54825409.91,475227591.85,227447580.03,116885050.46000002,777693676.3299999,0.17857142857142858,0.21428571428571427,0.17055952594353924,779061000.14,1.0,0.8571428571428571,0.15029703084585969,0.07037370616697239,0.04704400008909936,0.07712124966760807,0.16113667050300512,2126.9166666666665,2350.0,1900.0,153.86975503701666,12.0,20.44832468145352,-0.06583333333333333,0.39,-0.71,Neutro,0,0,21.269166666666663,2.0448324681453522,16.233025871084195
Manufacturera,2013,31,888158379.67,37110176.59,57325598.69,553991479.6,257122571.65,134643217.02999997,887724212.0,0.16129032258064516,0.1935483870967742,0.17769459145391753,888158379.67,1.0,0.9032258064516129,0.15167234959904413,0.06454434254316177,0.041783287124745126,0.06698690856544358,0.14432873921514391,1956.25,2325.0,1400.0,288.79943496545076,12.0,-8.024135093836925,-0.25916666666666666,-0.11,-0.45,Neutro,0,0,19.5625,-0.8024135093836925,13.106073406832408
Manufacturera,2014,32,844807059.94,20640521.91,14408160.94,615026375.04,257501010.57,33562466.50000001,222548194.29000002,,0.15625,0.19027234693365241,222548194.29000002,0.125,0.125,,,0.02443223179440041,0.033560384965047374,0.08015705206092388,1361.25,1800.0,1175.0,226.4360736599746,12.0,-30.415335463258785,0.22833333333333336,0.8,-0.24,Neutro,0,0,13.6125,-3.0415335463258786,-5.004181271932495
Manufacturera,2015,29,690335184.12,10579908.94,19207804.73,612080137.79,280820184.47,106391557.65,689243044.89,0.1724137931034483,0.2413793103448276,0.14664972489559544,690335184.12,1.0,0.8275862068965517,0.1543600018002062,0.02782388203852744,0.01532575650694476,0.01728516951750832,0.03767503023319981,1170.4166666666667,1500.0,1000.0,171.73523931983917,12.0,-14.018977655341292,1.4749999999999999,2.59,0.65,El Niño,1,0,11.704166666666667,-1.4018977655341291,-20.19310161254033
Manufacturera,2016,29,724839851.87,10874732.96,20852333.060000002,651050932.45,292185597.81,98049227.75,724276213.0699999,0.3103448275862069,0.3103448275862069,0.14501276327514526,724839851.87,1.0,0.8620689655172413,0.135375463090797,0.028768193423972868,0.01500294572924556,0.016703352100390652,0.037218579702451765,1425.4166666666667,1625.0,1000.0,182.12705771388048,12.0,21.787112851548596,0.4875,2.5,-0.51,Neutro,1,0,14.254166666666668,2.1787112851548596,4.877348275336857
Manufacturera,2017,32,851383866.98,22139662.31,35617316.15,705898116.8,313561045.0,117880196.96000004,851217856.6600001,0.3125,0.3125,0.16770907171597885,851383866.98,1.0,0.8125,0.13848416834503113,0.04183461483283743,0.026004324451828126,0.03136382118479679,0.07060718371441835,1860.0,2300.0,1500.0,220.28906629080058,12.0,30.488161356328547,-0.059166666666666666,0.35,-0.76,Neutro,0,0,18.6,3.0488161356328547,16.091236791920593
Manufacturera,2018,31,947859823.69,29673769.740000002,46741647.26,727281417.01,331193987.72,125723225.84000003,947734927.15,0.25806451612903225,0.1935483870967742,0.130059576727393,947859823.69,1.0,0.9032258064516129,0.13265652899178376,0.04931282674059933,0.03130607395561992,0.04080094588693718,0.08959634184267552,1529.5833333333333,1800.0,1300.0,153.15557054145563,12.0,-17.76433691756273,0.1425,1.05,-0.71,Neutro,1,0,15.295833333333333,-1.776433691756273,10.734352161516014
Manufacturera,2019,32,850476752.93,21300983.45,36462953.87,696214461.67,300861516.15,118340182.85999998,850288193.9,0.1875,0.1875,0.13842314121178217,850476752.93,1.0,0.875,0.139176556500463,0.04287354562529841,0.025045932621456633,0.03059543376749978,0.07079996046878925,1209.1666666666667,1600.0,900.0,229.87974458332985,12.0,-20.947970580223362,0.6491666666666667,0.99,0.2,El Niño,0,0,12.091666666666667,-2.094797058022336,-10.840954796924862
Manufacturera,2020,32,909995352.85,28392124.13,46398430.17,702439772.6,327051890.62,130523378.13,909878606.16,0.15625,0.15625,0.1458270026414175,909995352.85,1.0,0.9375,0.14345142005355357,0.05098754628217111,0.031200295738960816,0.04041930032650318,0.0868122917014067,1385.4166666666667,1625.0,1200.0,132.91245124881902,12.0,14.576154376292205,-0.21083333333333334,0.71,-1.11,Neutro,0,1,13.854166666666668,1.4576154376292205,6.764241469290155
Manufacturera,2021,33,1012693064.4,7830268.0200000005,20645282.0,771176126.23,326370012.94,101130129.88000001,1012521012.12,0.12121212121212122,0.15151515151515152,0.10245507587939613,1012693064.4,1.0,0.9393939393939394,0.0998795369868477,0.020386514656572582,0.007732123676228863,0.010153670158695572,0.02399199592347205,1405.8333333333333,1750.0,1200.0,155.23930695620368,12.0,1.4736842105262937,-0.6508333333333334,-0.31,-0.99,La Niña,0,0,14.058333333333332,0.14736842105262937,10.692896895267978
Manufacturera,2022,37,1141718103.83,17311886.61,28951002.919999998,815185175.74,343550926.63,127019289.22,1141227529.96,0.10810810810810811,0.16216216216216217,0.11645436724817636,1141718103.83,1.0,0.918918918918919,0.11130058282457664,0.02535740023993765,0.015163013139518117,0.021236753470504174,0.050391034539821467,1662.9166666666667,1900.0,1425.0,126.49934123675638,12.0,18.286899822169534,-0.7825000000000001,-0.68,-0.89,La Niña,0,0,16.629166666666666,1.8286899822169533,11.992105377063567
Manufacturera,2023,37,1068993744.97,18769590.67,31526475.919999998,783889456.93,347506433.77,115763893.69000004,1068378211.4300001,0.13513513513513514,0.13513513513513514,0.12236172326405854,1068993744.97,1.0,0.918918918918919,0.1083547871451372,0.029491730955717377,0.017558185684731716,0.023944180527071555,0.0540122105549931,1784.1666666666667,2000.0,1450.0,199.15541365445927,12.0,7.291405662741157,0.8141666666666666,1.99,-0.55,El Niño,1,0,17.84166666666667,0.7291405662741157,-6.5816455745931535
Manufacturera,2024,38,1178150527.76,39754493.36,62222210.269999996,821144425.02,392103093.32,168111990.75,1177549333.06,0.15789473684210525,0.18421052631578946,0.17616759950945202,1178150527.76,1.0,0.9473684210526315,0.14276428683725825,0.0528134638179912,0.033743135892477696,0.04841352160313544,0.10138785956364768,1437.9166666666667,1580.0,1250.0,116.45245485787001,12.0,-19.40681924334423,0.41,1.84,-0.43,Neutro,1,0,14.379166666666668,-1.940681924334423,9.722807880982387
Manufacturera,2025,36,1314317976.8,33413208.950000003,53070998.49,894033903.27,410505977.03999996,165092452.49,1312374303.78,0.1111111111111111,0.1111111111111111,0.13958913525342698,1314317976.8,1.0,0.8611111111111112,0.12579677308103962,0.04037911633774741,0.025422469706571242,0.03737353676162452,0.0813951825767063,1573.3333333333333,1740.0,1470.0,88.55746294030924,12.0,9.417560127499257,-0.2816666666666667,0.02,-0.61,Neutro,0,0,15.733333333333333,0.9417560127499257,10.937202271892588
Pesquera,2011,54,396197134.04,17446618.16,27281384.75,352051837.39,155177030.26,72112654.12,374248459.93,0.16666666666666666,0.18518518518518517,0.178282103324178,396197134.04,1.0,0.8518518518518519,0.19268657547311768,0.06885810725537878,0.04403519526276682,0.04955695811544022,0.11243041660720078,1765.8333333333333,2005.0,1475.0,181.91947935748107,12.0,,-0.7691666666666667,-0.34,-1.29,La Niña,0,1,17.65833333333333,,
Pesquera,2012,65,501674983.89,23492445.98,36768774.81,485614825.34999996,226406865.7,90379145.76999998,471513915.94,0.2153846153846154,0.24615384615384617,0.20629261662386328,501674983.89,1.0,0.8615384615384616,0.19167863919736508,0.07329202370206708,0.04682801960312832,0.048376706710031254,0.10376207411982208,2126.9166666666665,2350.0,1900.0,153.86975503701666,12.0,20.44832468145352,-0.06583333333333333,0.39,-0.71,Neutro,0,0,21.269166666666663,2.0448324681453522,23.60405669412522
Pesquera,2013,78,530698144.2,22315372.29,37470020.58,592819239.56,254570158.36999997,102565104.67,494084640.58,0.16666666666666666,0.20512820512820512,0.2319948304355251,530698144.2,1.0,0.8461538461538461,0.20758610214962372,0.07060514718114215,0.04204908672450564,0.03764279362215509,0.08765902662308973,1956.25,2325.0,1400.0,288.79943496545076,12.0,-8.024135093836925,-0.25916666666666666,-0.11,-0.45,Neutro,0,0,19.5625,-0.8024135093836925,5.624092537668091
Pesquera,2014,83,465288766.58,1832788.3399999999,13032682.4,651681013.38,247178437.13,31431495.650000013,165696833.39000002,,0.21686746987951808,0.15363226327689838,166789682.58,0.07228915662650602,0.04819277108433735,,,0.0039390341474854354,0.002812401009650541,0.007414839098752254,1361.25,1800.0,1175.0,226.4360736599746,12.0,-30.415335463258785,0.22833333333333336,0.8,-0.24,Neutro,0,0,13.6125,-3.0415335463258786,-13.15351766944488
Pesquera,2015,90,378588177.4,-18696047.96,-16801059.63,678705317.66,250376959.07999998,62107872.760000005,358121143.04,0.3333333333333333,0.32222222222222224,0.17363375883317655,378588177.4,1.0,0.8555555555555555,0.17342699242156423,-0.044378194124769836,-0.04938360222550363,-0.027546635444759927,-0.07467159929051728,1170.4166666666667,1500.0,1000.0,171.73523931983917,12.0,-14.018977655341292,1.4749999999999999,2.59,0.65,El Niño,1,0,11.704166666666667,-1.4018977655341291,-20.62092051074096
Pesquera,2016,89,431122941.62,-116731.86000000009,3117521.4,684183769.09,257735274.58,80578471.76,407676298.77,0.3146067415730337,0.29213483146067415,0.18514828785466053,431122941.62,1.0,0.9101123595505618,0.1976530693668317,0.007231165635225793,-0.0002707623481166766,-0.00017061477526024847,-0.00045291378989633404,1425.4166666666667,1625.0,1000.0,182.12705771388048,12.0,21.787112851548596,0.4875,2.5,-0.51,Neutro,1,0,14.254166666666668,2.1787112851548596,12.994428567166239
Pesquera,2017,110,601494628.01,14846577.35,26003247.56,871765204.82,339109928.88,111212163.42999999,566619835.69,0.17272727272727273,0.19090909090909092,0.17161278421313964,601494628.01,1.0,0.8545454545454545,0.1962729795623403,0.04323105535627109,0.024682809552462322,0.017030477091667686,0.04378101637729906,1860.0,2300.0,1500.0,220.28906629080058,12.0,30.488161356328547,-0.059166666666666666,0.35,-0.76,Neutro,0,0,18.6,3.0488161356328547,33.30243075790165
Pesquera,2018,112,632386415.9,6856984.3,15479316.48,828102773.48,324171733.36,105207379.56999998,595049933.9499999,0.17857142857142858,0.16071428571428573,0.1502869325507864,632386415.9,1.0,0.9017857142857143,0.17680428745134555,0.024477623318284184,0.010843029084110344,0.008280354226063472,0.021152320188216917,1529.5833333333333,1800.0,1300.0,153.15557054145563,12.0,-17.76433691756273,0.1425,1.05,-0.71,Neutro,1,0,15.295833333333333,-1.776433691756273,5.008302048492652
Pesquera,2019,116,598823644.1899999,-7225334.95,-848694.8200000001,820269701.39,322318163.40999997,77022870.25999999,562739139.59,0.23275862068965517,0.28448275862068967,0.15681390191075173,598823644.1899999,1.0,0.8620689655172413,0.13687135804365277,-0.001417270056442058,-0.012065881199085525,-0.008808486937596505,-0.0224167787305524,1209.1666666666667,1600.0,900.0,229.87974458332985,12.0,-20.947970580223362,0.6491666666666667,0.99,0.2,El Niño,0,0,12.091666666666667,-2.094797058022336,-5.453348714941697
Pesquera,2020,116,616163001.5,-1767167.35,5346667.52,835065496.02,320581323.52,88011715.60000001,581765586.79,0.23275862068965517,0.23275862068965517,0.13901039269309523,616163001.5,1.0,0.8189655172413793,0.1512838118968519,0.008677358924479336,-0.0028680192509092095,-0.0021162020924376406,-0.005512383973577777,1385.4166666666667,1625.0,1200.0,132.91245124881902,12.0,14.576154376292205,-0.21083333333333334,0.71,-1.11,Neutro,0,1,13.854166666666668,1.4576154376292205,2.8544403633230075
Pesquera,2021,123,715949752.0799999,4396015.089999999,13998986.25,916753967.95,350988798.52,93258169.68999998,690722396.99,0.22764227642276422,0.2032520325203252,0.14178610562586957,715949752.0799999,1.0,0.7804878048780488,0.13501541298848332,0.01955302897910042,0.0061401167850516835,0.004795196141697811,0.012524659215725672,1405.8333333333333,1750.0,1200.0,155.23930695620368,12.0,1.4736842105262937,-0.6508333333333334,-0.31,-0.99,La Niña,0,0,14.058333333333332,0.14736842105262937,15.009844448439225
Pesquera,2022,122,814245874.96,4899090.98,11879214.6,977567637.49,349348460.68,127362927.66,727699310.61,0.13934426229508196,0.21311475409836064,0.16325143137588233,814245874.96,1.0,0.7213114754098361,0.1750213663844713,0.014589222942742655,0.0060167218903512025,0.0050115110117381675,0.014023508134153546,1662.9166666666667,1900.0,1425.0,126.49934123675638,12.0,18.286899822169534,-0.7825000000000001,-0.68,-0.89,La Niña,0,0,16.629166666666666,1.8286899822169533,12.865239224392866
Pesquera,2023,123,829272744.96,2610952.02,11215095.17,1009057362.03,344368762.58,99176668.73,723351910.21,0.17073170731707318,0.21138211382113822,0.12052687347299867,829272744.96,1.0,0.7723577235772358,0.1371070807032327,0.013524012742684508,0.0031484840613276626,0.0025875159512709395,0.007581849179463402,1784.1666666666667,2000.0,1450.0,199.15541365445927,12.0,7.291405662741157,0.8141666666666666,1.99,-0.55,El Niño,1,0,17.84166666666667,0.7291405662741157,1.8286727719214468
Pesquera,2024,127,1022357185.38,2705937.9699999997,13311006.520000001,984952814.94,338544049.8,105637410.18,872533527.44,0.25196850393700787,0.25196850393700787,0.14042614131881925,1022357185.38,1.0,0.7244094488188977,0.12106974329105558,0.013019917804023095,0.0026467637814803734,0.0027472767516937713,0.00799286820016058,1437.9166666666667,1580.0,1250.0,116.45245485787001,12.0,-19.40681924334423,0.41,1.84,-0.43,Neutro,1,0,14.379166666666668,-1.940681924334423,20.931710035998208
Pesquera,2025,128,1122235822.6599998,25224081.23,45264999.93,970040792.82,309113239.79,116283660.58999997,927329366.18,0.1875,0.1875,0.1566431678280786,1122235822.6599998,1.0,0.7109375,0.1253962883425269,0.04033465962858841,0.022476631667497624,0.02600311390686078,0.08160142621887144,1573.3333333333333,1740.0,1470.0,88.55746294030924,12.0,9.417560127499257,-0.2816666666666667,0.02,-0.61,Neutro,0,0,15.733333333333333,0.9417560127499257,9.3212038459761
