tipo,metrica,n_empresa_anio,r_pearson,p_pearson,r_spearman,p_spearman,n_anios,r_agregado,p_agregado,direccion
Manufacturera,margen_bruto,403,0.048,0.3367,0.0444,0.3742,15,0.0058,0.9837,↑ positiva
Manufacturera,margen_operativo,422,-0.0338,0.4883,0.0481,0.3246,15,0.5317,0.0413,↑ positiva
Manufacturera,margen_neto,422,-0.0524,0.2829,0.0434,0.3743,15,0.5765,0.0245,↑ positiva
Manufacturera,roa,422,-0.0217,0.6563,0.0331,0.4979,15,0.6471,0.0091,↑ positiva
Manufacturera,roe,405,0.0201,0.6869,0.0507,0.3084,15,0.6431,0.0097,↑ positiva
Pesquera,margen_bruto,1120,0.0867,0.0037,0.0641,0.032,15,0.4659,0.0801,↑ positiva
Pesquera,margen_operativo,1270,0.104,0.0002,0.1299,0.0,15,0.8417,0.0001,↑ positiva
Pesquera,margen_neto,1270,0.0932,0.0009,0.134,0.0,15,0.8499,0.0001,↑ positiva
Pesquera,roa,1270,0.042,0.1349,0.117,0.0,15,0.8344,0.0001,↑ positiva
Pesquera,roe,1223,0.0778,0.0065,0.1138,0.0001,15,0.8138,0.0002,↑ positiva
