tipo,metrica,variable,coef_pp,ic95_inf_pp,ic95_sup_pp,p_value,n_obs,n_empresas,r2_within
Manufacturera,margen_bruto,precio_prom_100,0.597,-0.0481,1.2421,0.0696,353,49,0.0155
Manufacturera,margen_bruto,dp10,-0.6821,-1.1124,-0.2519,0.002,353,49,0.0155
Manufacturera,margen_operativo,precio_prom_100,-0.0275,-0.278,0.223,0.8292,375,52,0.0051
Manufacturera,margen_operativo,dp10,-0.3731,-1.1884,0.4421,0.3686,375,52,0.0051
Manufacturera,margen_neto,precio_prom_100,-0.1034,-0.3333,0.1265,0.377,400,53,0.0058
Manufacturera,margen_neto,dp10,-0.2399,-0.8288,0.349,0.4236,400,53,0.0058
Manufacturera,roa,precio_prom_100,0.088,-0.3528,0.5289,0.6947,400,53,0.0084
Manufacturera,roa,dp10,-0.7137,-2.0631,0.6357,0.299,400,53,0.0084
Manufacturera,roe,precio_prom_100,1.1358,-0.6239,2.8956,0.2051,384,52,0.0143
Manufacturera,roe,dp10,-1.6463,-4.6931,1.4005,0.2886,384,52,0.0143
Pesquera,margen_bruto,precio_prom_100,0.7978,0.4227,1.1729,0.0,1011,165,0.0109
Pesquera,margen_bruto,dp10,-0.3373,-0.9762,0.3015,0.3003,1011,165,0.0109
Pesquera,margen_operativo,precio_prom_100,0.6428,0.1884,1.0973,0.0056,1158,177,0.014
Pesquera,margen_operativo,dp10,-0.1212,-0.8736,0.6311,0.7519,1158,177,0.014
Pesquera,margen_neto,precio_prom_100,0.4357,0.2158,0.6556,0.0001,1222,177,0.0105
Pesquera,margen_neto,dp10,0.1218,-0.2632,0.5067,0.535,1222,177,0.0105
Pesquera,roa,precio_prom_100,0.1366,-0.2376,0.5109,0.474,1222,177,0.0009
Pesquera,roa,dp10,0.0805,-0.6801,0.8411,0.8356,1222,177,0.0009
Pesquera,roe,precio_prom_100,1.1804,-0.5678,2.9286,0.1855,1178,171,0.009
Pesquera,roe,dp10,-0.3315,-2.7269,2.0639,0.786,1178,171,0.009
