tipo,metrica,modelo,variable,coef_pp,ic95_inf_pp,ic95_sup_pp,p_value,r2,n_anios
Manufacturera,margen_bruto,nivel+variación,p100,0.1185,-0.2382,0.4751,0.515,0.1294,14
Manufacturera,margen_bruto,nivel+variación,dp10,-0.3859,-0.8118,0.0399,0.0757,0.1294,14
Manufacturera,margen_bruto,solo nivel,p100,0.0036,-0.3278,0.3351,0.9829,0.0,15
Manufacturera,margen_operativo,nivel+variación,p100,0.4098,0.1651,0.6545,0.001,0.4505,14
Manufacturera,margen_operativo,nivel+variación,dp10,-0.3981,-0.6524,-0.1439,0.0021,0.4505,14
Manufacturera,margen_operativo,solo nivel,p100,0.2881,0.0502,0.5261,0.0176,0.2827,15
Manufacturera,margen_neto,nivel+variación,p100,0.3173,0.1505,0.484,0.0002,0.4829,14
Manufacturera,margen_neto,nivel+variación,dp10,-0.2809,-0.4597,-0.102,0.0021,0.4829,14
Manufacturera,margen_neto,solo nivel,p100,0.2328,0.0673,0.3984,0.0058,0.3323,15
Manufacturera,roa,nivel+variación,p100,0.6054,0.3212,0.8895,0.0,0.587,14
Manufacturera,roa,nivel+variación,dp10,-0.5002,-0.7703,-0.2301,0.0003,0.587,14
Manufacturera,roa,solo nivel,p100,0.4593,0.1652,0.7534,0.0022,0.4187,15
Manufacturera,roe,nivel+variación,p100,1.2652,0.6912,1.8392,0.0,0.6069,14
Manufacturera,roe,nivel+variación,dp10,-1.092,-1.6111,-0.5728,0.0,0.6069,14
Manufacturera,roe,solo nivel,p100,0.9502,0.3547,1.5457,0.0018,0.4136,15
Manufacturera,crec_ventas_pct,variación,dp10,2.9696,1.2764,4.6629,0.0006,0.264,14
Pesquera,margen_bruto,nivel+variación,p100,0.4321,-0.1647,1.0289,0.1559,0.1956,14
Pesquera,margen_bruto,nivel+variación,dp10,0.0736,-0.8588,1.0061,0.877,0.1956,14
Pesquera,margen_bruto,solo nivel,p100,0.492,0.121,0.8631,0.0093,0.217,15
Pesquera,margen_operativo,nivel+variación,p100,0.9972,0.7029,1.2914,0.0,0.7485,14
Pesquera,margen_operativo,nivel+variación,dp10,-0.2937,-0.5807,-0.0068,0.0448,0.7485,14
Pesquera,margen_operativo,solo nivel,p100,0.9424,0.6704,1.2144,0.0,0.7084,15
Pesquera,margen_neto,nivel+variación,p100,0.7632,0.5282,0.9982,0.0,0.7455,14
Pesquera,margen_neto,nivel+variación,dp10,-0.1408,-0.3286,0.047,0.1416,0.7455,14
Pesquera,margen_neto,solo nivel,p100,0.7515,0.5183,0.9848,0.0,0.7223,15
Pesquera,roa,nivel+variación,p100,0.6397,0.4761,0.8033,0.0,0.7719,14
Pesquera,roa,nivel+variación,dp10,-0.1394,-0.2758,-0.003,0.0451,0.7719,14
Pesquera,roa,solo nivel,p100,0.6411,0.4624,0.8199,0.0,0.6962,15
Pesquera,roe,nivel+variación,p100,1.4783,1.0908,1.8659,0.0,0.7067,14
Pesquera,roe,nivel+variación,dp10,-0.2591,-0.6327,0.1145,0.1741,0.7067,14
Pesquera,roe,solo nivel,p100,1.498,1.0783,1.9176,0.0,0.6623,15
Pesquera,crec_ventas_pct,variación,dp10,4.8698,1.9796,7.76,0.001,0.4275,14
