lag_meses,ccf_bruta,ccf_preblanqueada,banda_95,sig_bruta,sig_preblanqueada
0,-0.2888,0.0266,0.1429,True,False
1,-0.3129,-0.0301,0.1429,True,False
2,-0.3314,0.0133,0.1429,True,False
3,-0.3542,0.0823,0.1429,True,False
4,-0.3729,-0.0194,0.1429,True,False
5,-0.3828,-0.0119,0.1429,True,False
6,-0.3833,-0.0765,0.1429,True,False
7,-0.385,0.044,0.1429,True,False
8,-0.3783,-0.0379,0.1429,True,False
9,-0.3674,0.1509,0.1429,True,True
10,-0.3639,-0.0895,0.1429,True,False
11,-0.3523,-0.0182,0.1429,True,False
12,-0.3278,-0.0714,0.1429,True,False
13,-0.2923,-0.0249,0.1429,True,False
14,-0.2564,0.0543,0.1429,True,False
15,-0.2193,0.0655,0.1429,True,False
16,-0.1825,-0.0157,0.1429,True,False
17,-0.1447,-0.0124,0.1429,True,False
18,-0.0987,-0.1144,0.1429,False,False
