hipotesis,lag,F,p_value
ONI → precio (niveles),1,1.1853,0.2777
ONI → precio (niveles),2,1.0523,0.3513
ONI → precio (niveles),3,1.7106,0.1665
ONI → precio (niveles),4,1.0821,0.3669
ONI → precio (niveles),5,0.8963,0.4849
ONI → precio (niveles),6,0.7481,0.6117
ONI → precio (niveles),7,0.7235,0.6522
ONI → precio (niveles),8,0.5191,0.8409
ONI → precio (niveles),9,0.5156,0.8618
ONI → precio (niveles),10,0.6805,0.7414
ONI → precio (niveles),11,0.959,0.4863
ONI → precio (niveles),12,0.8007,0.6492
ONI → Δlog precio,1,0.0255,0.8732
ONI → Δlog precio,2,0.069,0.9334
ONI → Δlog precio,3,0.7209,0.5407
ONI → Δlog precio,4,0.593,0.6681
ONI → Δlog precio,5,0.708,0.6182
ONI → Δlog precio,6,0.5663,0.7567
ONI → Δlog precio,7,0.3617,0.9233
ONI → Δlog precio,8,0.3662,0.937
ONI → Δlog precio,9,0.6015,0.7944
ONI → Δlog precio,10,0.5943,0.8169
ONI → Δlog precio,11,1.0335,0.4197
ONI → Δlog precio,12,0.9183,0.5304
precio → ONI (control),1,1.3968,0.2388
precio → ONI (control),2,0.4472,0.6401
precio → ONI (control),3,0.3576,0.7837
precio → ONI (control),4,0.5999,0.6632
precio → ONI (control),5,0.6621,0.6527
precio → ONI (control),6,0.7435,0.6154
precio → ONI (control),7,0.5547,0.7917
precio → ONI (control),8,0.6866,0.7029
precio → ONI (control),9,1.4823,0.1585
precio → ONI (control),10,1.4036,0.1832
precio → ONI (control),11,1.3256,0.2151
precio → ONI (control),12,1.3957,0.1736
