lag,b_lineal_usd_por_1C,p_lineal,r2_lineal,b1_poly,b2_poly,p_b2,r2_poly,aic_lineal,aic_poly,oni_precio_minimo
0,-111.5696,0.0341,0.0834,-77.4726,-34.4253,0.4674,0.0919,2687.1817,2687.4347,-1.1252
1,-125.0831,0.0084,0.1013,-89.8594,-36.7774,0.4157,0.1107,2670.159,2670.193,-1.2217
2,-135.6804,0.0021,0.1164,-111.4803,-25.6278,0.5836,0.1209,2653.7561,2654.7996,-2.175
3,-147.0875,0.0008,0.1349,-145.9158,-1.2415,0.9798,0.1349,2636.4651,2638.4629,-58.7654
4,-155.9088,0.0008,0.1507,-177.3622,22.6308,0.6518,0.1542,2619.7665,2621.0003,3.9186
5,-160.3072,0.0011,0.1596,-197.7504,39.3884,0.4362,0.1703,2603.9813,2603.6418,2.5103
6,-160.6348,0.0016,0.1612,-207.1244,48.8932,0.3314,0.1776,2589.4448,2587.8333,2.1181
7,-161.4299,0.0021,0.1627,-219.2399,60.851,0.211,0.1882,2575.8992,2572.2996,1.8014
8,-158.9942,0.0028,0.1581,-225.831,70.3705,0.123,0.1923,2563.0069,2557.5339,1.6046
9,-155.0964,0.004,0.1511,-230.4821,79.2033,0.0591,0.1948,2549.7723,2542.3131,1.455
10,-154.2521,0.0063,0.1493,-243.3866,93.4306,0.0158,0.2103,2536.3063,2525.0735,1.3025
11,-149.904,0.0109,0.1414,-252.419,107.2713,0.0024,0.2221,2523.6647,2508.1784,1.1765
12,-139.8189,0.0195,0.1239,-252.3134,117.7037,0.0002,0.2222,2512.1814,2493.2492,1.0718
13,-124.8607,0.0384,0.0999,-244.2174,124.988,0.0,0.2119,2501.6428,2480.3892,0.977
14,-109.6037,0.0813,0.0775,-238.7119,135.3148,0.0001,0.2095,2491.3851,2466.5152,0.8821
15,-93.8513,0.159,0.0577,-231.2336,144.0702,0.0001,0.2093,2479.0954,2450.7538,0.8025
16,-78.2194,0.2714,0.041,-221.8827,150.7573,0.0002,0.2104,2464.869,2433.4315,0.7359
17,-62.161,0.4107,0.0265,-209.7076,154.8962,0.0002,0.2092,2450.0283,2416.4924,0.6769
18,-42.5364,0.5882,0.0127,-190.9025,155.8836,0.0001,0.202,2434.8671,2400.6808,0.6123
