anio,tipo_empresa,n,pct_perdida_operativa,pct_perdida_neta,precio_prom,oni_prom
2011,Manufacturera,22,0.0455,0.0455,1765.8333,-0.7692
2011,Pesquera,48,0.125,0.1458,1765.8333,-0.7692
2012,Manufacturera,26,0.1923,0.1923,2126.9167,-0.0658
2012,Pesquera,58,0.1897,0.2241,2126.9167,-0.0658
2013,Manufacturera,28,0.1071,0.1429,1956.25,-0.2592
2013,Pesquera,64,0.1562,0.2031,1956.25,-0.2592
2014,Manufacturera,29,0.1379,0.1034,1361.25,0.2283
2014,Pesquera,68,0.1912,0.2206,1361.25,0.2283
2015,Manufacturera,24,0.125,0.1667,1170.4167,1.475
2015,Pesquera,72,0.3472,0.3472,1170.4167,1.475
2016,Manufacturera,24,0.2917,0.2917,1425.4167,0.4875
2016,Pesquera,77,0.2987,0.2727,1425.4167,0.4875
2017,Manufacturera,23,0.2609,0.2609,1860.0,-0.0592
2017,Pesquera,89,0.1348,0.1573,1860.0,-0.0592
2018,Manufacturera,26,0.1538,0.1538,1529.5833,0.1425
2018,Pesquera,100,0.15,0.13,1529.5833,0.1425
2019,Manufacturera,28,0.1429,0.1429,1209.1667,0.6492
2019,Pesquera,96,0.2188,0.2812,1209.1667,0.6492
2020,Manufacturera,30,0.1333,0.1333,1385.4167,-0.2108
2020,Pesquera,90,0.1667,0.1778,1385.4167,-0.2108
2021,Manufacturera,31,0.0968,0.129,1405.8333,-0.6508
2021,Pesquera,93,0.1828,0.1828,1405.8333,-0.6508
2022,Manufacturera,33,0.0606,0.1212,1662.9167,-0.7825
2022,Pesquera,102,0.098,0.1569,1662.9167,-0.7825
2023,Manufacturera,33,0.1212,0.1212,1784.1667,0.8142
2023,Pesquera,105,0.1429,0.181,1784.1667,0.8142
2024,Manufacturera,34,0.1176,0.1471,1437.9167,0.41
2024,Pesquera,104,0.2596,0.2596,1437.9167,0.41
2025,Manufacturera,31,0.0323,0.0645,1573.3333,-0.2817
2025,Pesquera,104,0.1538,0.1635,1573.3333,-0.2817
