anio,archivo,catalogo,cobertura_catalogo,tipo_formulario,registros_archivo,registros_atun_manabi
2010,balances_2010_1.txt,catalogo_2010_1.txt,1.0,casilleros,3,0
2010,balances_2010_2.txt,catalogo_2010_2.txt,1.0,casilleros,260,0
2010,balances_2010_3.txt,catalogo_2010_3.txt,1.0,casilleros,59860,91
2010,balances_2010_4.txt,catalogo_2010_4.txt,1.0,NIIF_jerarquico,378,0
2010,balances_2010_5.txt,catalogo_2010_5.txt,1.0,NIIF_jerarquico,24,0
2011,balances_2011_1.txt,catalogo_2011_1.txt,1.0,casilleros,2,0
2011,balances_2011_2.txt,catalogo_2011_2.txt,1.0,casilleros,54200,67
2011,balances_2011_3.txt,catalogo_2011_3.txt,1.0,NIIF_jerarquico,5580,29
2011,balances_2011_4.txt,catalogo_2011_4.txt,1.0,NIIF_jerarquico,2962,7
2011,balances_2011_5.txt,catalogo_2011_5.txt,1.0,NIIF_jerarquico,1,0
2011,balances_2011_6.txt,catalogo_2011_6.txt,1.0,casilleros,1,0
2012,balances_2012_1.txt,catalogo_2012_1.txt,1.0,NIIF_jerarquico,64343,122
2012,balances_2012_2.txt,catalogo_2012_2.txt,1.0,NIIF_jerarquico,3,0
2012,balances_2012_3.txt,catalogo_2012_3.txt,1.0,casilleros,1,0
2012,balances_2012_4.txt,catalogo_2012_4.txt,1.0,casilleros,2,0
2013,balances_2013_1.txt,catalogo_2013_1.txt,1.0,NIIF_jerarquico,69149,138
2013,balances_2013_2.txt,catalogo_2013_2.txt,1.0,NIIF_jerarquico,7,0
2013,balances_2013_3.txt,catalogo_2013_3.txt,1.0,casilleros,4,0
2014,balances_2014_1.txt,catalogo_2014_1.txt,1.0,NIIF_jerarquico,441,4
2014,balances_2014_2.txt,catalogo_2014_2.txt,1.0,casilleros,67529,136
2014,balances_2014_3.txt,catalogo_2014_3.txt,1.0,casilleros,1315,0
2014,balances_2014_4.txt,catalogo_2014_4.txt,1.0,casilleros,1402,1
2014,balances_2014_5.txt,catalogo_2014_5.txt,1.0,casilleros,1476,3
2014,balances_2014_6.txt,catalogo_2014_6.txt,1.0,NIIF_jerarquico,263,1
2014,balances_2014_7.txt,catalogo_2014_7.txt,1.0,casilleros,416,3
2014,balances_2014_8.txt,catalogo_2014_8.txt,1.0,casilleros,338,1
2015,balances_2015_1.txt,catalogo_2015_1.txt,1.0,NIIF_jerarquico,440,5
2015,balances_2015_2.txt,catalogo_2015_2.txt,1.0,casilleros,730,1
2015,balances_2015_3.txt,catalogo_2015_3.txt,1.0,casilleros,63819,122
2015,balances_2015_4.txt,catalogo_2015_4.txt,1.0,casilleros,8055,25
2015,balances_2015_5.txt,catalogo_2015_5.txt,1.0,casilleros,2240,2
2015,balances_2015_6.txt,catalogo_2015_6.txt,1.0,NIIF_jerarquico,389,1
2015,balances_2015_7.txt,catalogo_2015_7.txt,1.0,casilleros,611,4
2015,balances_2015_8.txt,catalogo_2015_8.txt,1.0,casilleros,454,1
2016,balances_2016_1.txt,catalogo_2016_1.txt,1.0,NIIF_jerarquico,406,4
2016,balances_2016_2.txt,catalogo_2016_2.txt,1.0,casilleros,1446,2
2016,balances_2016_3.txt,catalogo_2016_3.txt,1.0,casilleros,71328,150
2016,balances_2016_4.txt,catalogo_2016_4.txt,1.0,casilleros,4238,10
2016,balances_2016_5.txt,catalogo_2016_5.txt,1.0,NIIF_jerarquico,567,2
2016,balances_2016_6.txt,catalogo_2016_6.txt,1.0,casilleros,945,6
2016,balances_2016_7.txt,catalogo_2016_7.txt,1.0,casilleros,615,1
2017,balances_2017_1.txt,catalogo_2017_1.txt,1.0,NIIF_jerarquico,391,4
2017,balances_2017_2.txt,catalogo_2017_2.txt,1.0,casilleros,29143,40
2017,balances_2017_3.txt,catalogo_2017_3.txt,1.0,casilleros,49677,134
2017,balances_2017_4.txt,catalogo_2017_4.txt,1.0,NIIF_jerarquico,896,3
2017,balances_2017_5.txt,catalogo_2017_5.txt,1.0,casilleros,1728,7
2017,balances_2017_6.txt,catalogo_2017_6.txt,1.0,casilleros,916,5
2018,balances_2018_1.txt,catalogo_2018_1.txt,1.0,NIIF_jerarquico,408,3
2018,balances_2018_2.txt,catalogo_2018_2.txt,1.0,casilleros,77880,182
2018,balances_2018_3.txt,catalogo_2018_3.txt,1.0,NIIF_jerarquico,2102,4
2018,balances_2018_4.txt,catalogo_2018_4.txt,1.0,casilleros,5017,20
2018,balances_2018_5.txt,catalogo_2018_5.txt,1.0,casilleros,1661,5
2019,balances_2019_1.txt,catalogo_2019_1.txt,1.0,NIIF_jerarquico,3,0
2019,balances_2019_2.txt,catalogo_2019_2.txt,1.0,casilleros,4936,10
2019,balances_2019_3.txt,catalogo_2019_3.txt,1.0,NIIF_jerarquico,4709,13
2019,balances_2019_4.txt,catalogo_2019_4.txt,1.0,casilleros,78737,185
2019,balances_2019_5.txt,catalogo_2019_5.txt,1.0,casilleros,3961,11
2020,balances_2020_1.txt,catalogo_2020_1.txt,1.0,NIIF_jerarquico,8081,14
2020,balances_2020_2.txt,catalogo_2020_2.txt,1.0,casilleros,78845,164
2020,balances_2020_3.txt,catalogo_2020_3.txt,1.0,casilleros,11971,43
2021,balances_2021_1.txt,catalogo_2021_1.txt,1.0,NIIF_jerarquico,17406,26
2021,balances_2021_2.txt,catalogo_2021_2.txt,1.0,casilleros,1,0
2021,balances_2021_3.txt,catalogo_2021_3.txt,1.0,casilleros,92123,204
2022,balances_2022_1.txt,catalogo_2022_1.txt,1.0,NIIF_jerarquico,123746,234
2022,balances_2022_2.txt,catalogo_2022_2.txt,1.0,casilleros,1,0
2022,balances_2022_3.txt,catalogo_2022_3.txt,1.0,casilleros,50,0
2023,balances_2023_1.txt,catalogo_2023_1.txt,1.0,NIIF_jerarquico,137736,245
2023,balances_2023_2.txt,catalogo_2023_2.txt,1.0,casilleros,1,0
2024,balances_2024_1.txt,catalogo_2024_1.txt,1.0,NIIF_jerarquico,147863,246
2025,balances_2025_1.txt,catalogo_2025_1.txt,1.0,NIIF_jerarquico,153629,242
