temporada,año,mes,fecha,oni_anom,episodio_enso
DJF,2010,1,2010-01-01,1.47,El Niño
JFM,2010,2,2010-02-01,1.21,El Niño
FMA,2010,3,2010-03-01,0.88,El Niño
MAM,2010,4,2010-04-01,0.38,Neutro
AMJ,2010,5,2010-05-01,-0.16,Neutro
MJJ,2010,6,2010-06-01,-0.66,La Niña
JJA,2010,7,2010-07-01,-0.98,La Niña
JAS,2010,8,2010-08-01,-1.24,La Niña
ASO,2010,9,2010-09-01,-1.43,La Niña
SON,2010,10,2010-10-01,-1.54,La Niña
OND,2010,11,2010-11-01,-1.57,La Niña
NDJ,2010,12,2010-12-01,-1.48,La Niña
DJF,2011,1,2011-01-01,-1.29,La Niña
JFM,2011,2,2011-02-01,-1.06,La Niña
FMA,2011,3,2011-03-01,-0.85,La Niña
MAM,2011,4,2011-04-01,-0.68,La Niña
AMJ,2011,5,2011-05-01,-0.5,La Niña
MJJ,2011,6,2011-06-01,-0.34,Neutro
JJA,2011,7,2011-07-01,-0.37,Neutro
JAS,2011,8,2011-08-01,-0.5,La Niña
ASO,2011,9,2011-09-01,-0.76,La Niña
SON,2011,10,2011-10-01,-0.94,La Niña
OND,2011,11,2011-11-01,-1.02,La Niña
NDJ,2011,12,2011-12-01,-0.92,La Niña
DJF,2012,1,2012-01-01,-0.71,La Niña
JFM,2012,2,2012-02-01,-0.56,La Niña
FMA,2012,3,2012-03-01,-0.44,Neutro
MAM,2012,4,2012-04-01,-0.35,Neutro
AMJ,2012,5,2012-05-01,-0.18,Neutro
MJJ,2012,6,2012-06-01,0.03,Neutro
JJA,2012,7,2012-07-01,0.28,Neutro
JAS,2012,8,2012-08-01,0.39,Neutro
ASO,2012,9,2012-09-01,0.37,Neutro
SON,2012,10,2012-10-01,0.28,Neutro
OND,2012,11,2012-11-01,0.13,Neutro
NDJ,2012,12,2012-12-01,-0.03,Neutro
DJF,2013,1,2013-01-01,-0.24,Neutro
JFM,2013,2,2013-02-01,-0.28,Neutro
FMA,2013,3,2013-03-01,-0.23,Neutro
MAM,2013,4,2013-04-01,-0.2,Neutro
AMJ,2013,5,2013-05-01,-0.3,Neutro
MJJ,2013,6,2013-06-01,-0.38,Neutro
JJA,2013,7,2013-07-01,-0.45,Neutro
JAS,2013,8,2013-08-01,-0.34,Neutro
ASO,2013,9,2013-09-01,-0.32,Neutro
SON,2013,10,2013-10-01,-0.14,Neutro
OND,2013,11,2013-11-01,-0.12,Neutro
NDJ,2013,12,2013-12-01,-0.11,Neutro
DJF,2014,1,2014-01-01,-0.24,Neutro
JFM,2014,2,2014-02-01,-0.21,Neutro
FMA,2014,3,2014-03-01,-0.02,Neutro
MAM,2014,4,2014-04-01,0.25,Neutro
AMJ,2014,5,2014-05-01,0.35,Neutro
MJJ,2014,6,2014-06-01,0.22,Neutro
JJA,2014,7,2014-07-01,0.07,Neutro
JAS,2014,8,2014-08-01,0.07,Neutro
ASO,2014,9,2014-09-01,0.24,Neutro
SON,2014,10,2014-10-01,0.51,El Niño
OND,2014,11,2014-11-01,0.7,El Niño
NDJ,2014,12,2014-12-01,0.8,El Niño
DJF,2015,1,2015-01-01,0.73,El Niño
JFM,2015,2,2015-02-01,0.65,El Niño
FMA,2015,3,2015-03-01,0.72,El Niño
MAM,2015,4,2015-04-01,0.86,El Niño
AMJ,2015,5,2015-05-01,1.04,El Niño
MJJ,2015,6,2015-06-01,1.19,El Niño
JJA,2015,7,2015-07-01,1.44,El Niño
JAS,2015,8,2015-08-01,1.73,El Niño
ASO,2015,9,2015-09-01,2.02,El Niño
SON,2015,10,2015-10-01,2.28,El Niño
OND,2015,11,2015-11-01,2.45,El Niño
NDJ,2015,12,2015-12-01,2.59,El Niño
DJF,2016,1,2016-01-01,2.5,El Niño
JFM,2016,2,2016-02-01,2.21,El Niño
FMA,2016,3,2016-03-01,1.69,El Niño
MAM,2016,4,2016-04-01,1.11,El Niño
AMJ,2016,5,2016-05-01,0.57,El Niño
MJJ,2016,6,2016-06-01,0.09,Neutro
JJA,2016,7,2016-07-01,-0.19,Neutro
JAS,2016,8,2016-08-01,-0.34,Neutro
ASO,2016,9,2016-09-01,-0.42,Neutro
SON,2016,10,2016-10-01,-0.51,La Niña
OND,2016,11,2016-11-01,-0.49,Neutro
NDJ,2016,12,2016-12-01,-0.37,Neutro
DJF,2017,1,2017-01-01,-0.08,Neutro
JFM,2017,2,2017-02-01,0.08,Neutro
FMA,2017,3,2017-03-01,0.27,Neutro
MAM,2017,4,2017-04-01,0.32,Neutro
AMJ,2017,5,2017-05-01,0.35,Neutro
MJJ,2017,6,2017-06-01,0.32,Neutro
JJA,2017,7,2017-07-01,0.14,Neutro
JAS,2017,8,2017-08-01,-0.07,Neutro
ASO,2017,9,2017-09-01,-0.23,Neutro
SON,2017,10,2017-10-01,-0.44,Neutro
OND,2017,11,2017-11-01,-0.61,La Niña
NDJ,2017,12,2017-12-01,-0.76,La Niña
DJF,2018,1,2018-01-01,-0.71,La Niña
JFM,2018,2,2018-02-01,-0.67,La Niña
FMA,2018,3,2018-03-01,-0.55,La Niña
MAM,2018,4,2018-04-01,-0.35,Neutro
AMJ,2018,5,2018-05-01,-0.07,Neutro
MJJ,2018,6,2018-06-01,0.13,Neutro
JJA,2018,7,2018-07-01,0.2,Neutro
JAS,2018,8,2018-08-01,0.3,Neutro
ASO,2018,9,2018-09-01,0.52,El Niño
SON,2018,10,2018-10-01,0.82,El Niño
OND,2018,11,2018-11-01,1.04,El Niño
NDJ,2018,12,2018-12-01,1.05,El Niño
DJF,2019,1,2019-01-01,0.99,El Niño
JFM,2019,2,2019-02-01,0.94,El Niño
FMA,2019,3,2019-03-01,0.87,El Niño
MAM,2019,4,2019-04-01,0.82,El Niño
AMJ,2019,5,2019-05-01,0.71,El Niño
MJJ,2019,6,2019-06-01,0.59,El Niño
JJA,2019,7,2019-07-01,0.38,Neutro
JAS,2019,8,2019-08-01,0.2,Neutro
ASO,2019,9,2019-09-01,0.31,Neutro
SON,2019,10,2019-10-01,0.51,El Niño
OND,2019,11,2019-11-01,0.72,El Niño
NDJ,2019,12,2019-12-01,0.75,El Niño
DJF,2020,1,2020-01-01,0.71,El Niño
JFM,2020,2,2020-02-01,0.66,El Niño
FMA,2020,3,2020-03-01,0.57,El Niño
MAM,2020,4,2020-04-01,0.33,Neutro
AMJ,2020,5,2020-05-01,0.04,Neutro
MJJ,2020,6,2020-06-01,-0.18,Neutro
JJA,2020,7,2020-07-01,-0.29,Neutro
JAS,2020,8,2020-08-01,-0.43,Neutro
ASO,2020,9,2020-09-01,-0.77,La Niña
SON,2020,10,2020-10-01,-1.0,La Niña
OND,2020,11,2020-11-01,-1.11,La Niña
NDJ,2020,12,2020-12-01,-1.06,La Niña
DJF,2021,1,2021-01-01,-0.99,La Niña
JFM,2021,2,2021-02-01,-0.85,La Niña
FMA,2021,3,2021-03-01,-0.74,La Niña
MAM,2021,4,2021-04-01,-0.56,La Niña
AMJ,2021,5,2021-05-01,-0.4,Neutro
MJJ,2021,6,2021-06-01,-0.31,Neutro
JJA,2021,7,2021-07-01,-0.35,Neutro
JAS,2021,8,2021-08-01,-0.46,Neutro
ASO,2021,9,2021-09-01,-0.64,La Niña
SON,2021,10,2021-10-01,-0.77,La Niña
OND,2021,11,2021-11-01,-0.91,La Niña
NDJ,2021,12,2021-12-01,-0.83,La Niña
DJF,2022,1,2022-01-01,-0.76,La Niña
JFM,2022,2,2022-02-01,-0.68,La Niña
FMA,2022,3,2022-03-01,-0.77,La Niña
MAM,2022,4,2022-04-01,-0.86,La Niña
AMJ,2022,5,2022-05-01,-0.83,La Niña
MJJ,2022,6,2022-06-01,-0.73,La Niña
JJA,2022,7,2022-07-01,-0.7,La Niña
JAS,2022,8,2022-08-01,-0.78,La Niña
ASO,2022,9,2022-09-01,-0.87,La Niña
SON,2022,10,2022-10-01,-0.89,La Niña
OND,2022,11,2022-11-01,-0.82,La Niña
NDJ,2022,12,2022-12-01,-0.7,La Niña
DJF,2023,1,2023-01-01,-0.55,La Niña
JFM,2023,2,2023-02-01,-0.33,Neutro
FMA,2023,3,2023-03-01,-0.11,Neutro
MAM,2023,4,2023-04-01,0.19,Neutro
AMJ,2023,5,2023-05-01,0.46,Neutro
MJJ,2023,6,2023-06-01,0.73,El Niño
JJA,2023,7,2023-07-01,1.0,El Niño
JAS,2023,8,2023-08-01,1.25,El Niño
ASO,2023,9,2023-09-01,1.5,El Niño
SON,2023,10,2023-10-01,1.74,El Niño
OND,2023,11,2023-11-01,1.9,El Niño
NDJ,2023,12,2023-12-01,1.99,El Niño
DJF,2024,1,2024-01-01,1.84,El Niño
JFM,2024,2,2024-02-01,1.53,El Niño
FMA,2024,3,2024-03-01,1.18,El Niño
MAM,2024,4,2024-04-01,0.77,El Niño
AMJ,2024,5,2024-05-01,0.43,Neutro
MJJ,2024,6,2024-06-01,0.18,Neutro
JJA,2024,7,2024-07-01,0.06,Neutro
JAS,2024,8,2024-08-01,-0.04,Neutro
ASO,2024,9,2024-09-01,-0.12,Neutro
SON,2024,10,2024-10-01,-0.19,Neutro
OND,2024,11,2024-11-01,-0.29,Neutro
NDJ,2024,12,2024-12-01,-0.43,Neutro
DJF,2025,1,2025-01-01,-0.46,Neutro
JFM,2025,2,2025-02-01,-0.22,Neutro
FMA,2025,3,2025-03-01,-0.08,Neutro
MAM,2025,4,2025-04-01,0.02,Neutro
AMJ,2025,5,2025-05-01,-0.04,Neutro
MJJ,2025,6,2025-06-01,-0.02,Neutro
JJA,2025,7,2025-07-01,-0.11,Neutro
JAS,2025,8,2025-08-01,-0.26,Neutro
ASO,2025,9,2025-09-01,-0.43,Neutro
SON,2025,10,2025-10-01,-0.57,La Niña
OND,2025,11,2025-11-01,-0.61,La Niña
NDJ,2025,12,2025-12-01,-0.6,La Niña
DJF,2026,1,2026-01-01,-0.39,Neutro
JFM,2026,2,2026-02-01,-0.21,Neutro
FMA,2026,3,2026-03-01,0.11,Neutro
MAM,2026,4,2026-04-01,0.46,Neutro
AMJ,2026,5,2026-05-01,0.95,El Niño
MJJ,2026,6,2026-06-01,1.39,El Niño
JJA,2026,7,2026-07-01,1.8,El Niño
JAS,2026,8,2026-08-01,2.16,El Niño
