año,mes,mes_num,precio_usd_ton,fecha
2011,Enero,1,1515,2011-01-01
2011,Febrero,2,1590,2011-02-01
2011,Marzo,3,1475,2011-03-01
2011,Abril,4,1680,2011-04-01
2011,Mayo,5,1840,2011-05-01
2011,Junio,6,1905,2011-06-01
2011,Julio,7,1620,2011-07-01
2011,Agosto,8,1845,2011-08-01
2011,Septiembre,9,1975,2011-09-01
2011,Octubre,10,1830,2011-10-01
2011,Noviembre,11,1910,2011-11-01
2011,Diciembre,12,2005,2011-12-01
2012,Enero,1,2030,2012-01-01
2012,Febrero,2,1930,2012-02-01
2012,Marzo,3,2090,2012-03-01
2012,Abril,4,2195,2012-04-01
2012,Mayo,5,2198,2012-05-01
2012,Junio,6,2200,2012-06-01
2012,Julio,7,2240,2012-07-01
2012,Agosto,8,2280,2012-08-01
2012,Septiembre,9,2350,2012-09-01
2012,Octubre,10,2210,2012-10-01
2012,Noviembre,11,1900,2012-11-01
2012,Diciembre,12,1900,2012-12-01
2013,Enero,1,2075,2013-01-01
2013,Febrero,2,2195,2013-02-01
2013,Marzo,3,2325,2013-03-01
2013,Abril,4,2320,2013-04-01
2013,Mayo,5,2195,2013-05-01
2013,Junio,6,2020,2013-06-01
2013,Julio,7,1850,2013-07-01
2013,Agosto,8,1880,2013-08-01
2013,Septiembre,9,1875,2013-09-01
2013,Octubre,10,1770,2013-10-01
2013,Noviembre,11,1570,2013-11-01
2013,Diciembre,12,1400,2013-12-01
2014,Enero,1,1275,2014-01-01
2014,Febrero,2,1225,2014-02-01
2014,Marzo,3,1175,2014-03-01
2014,Abril,4,1225,2014-04-01
2014,Mayo,5,1485,2014-05-01
2014,Junio,6,1710,2014-06-01
2014,Julio,7,1800,2014-07-01
2014,Agosto,8,1600,2014-08-01
2014,Septiembre,9,1280,2014-09-01
2014,Octubre,10,1200,2014-10-01
2014,Noviembre,11,1180,2014-11-01
2014,Diciembre,12,1180,2014-12-01
2015,Enero,1,1150,2015-01-01
2015,Febrero,2,1150,2015-02-01
2015,Marzo,3,1010,2015-03-01
2015,Abril,4,1035,2015-04-01
2015,Mayo,5,1070,2015-05-01
2015,Junio,6,1200,2015-06-01
2015,Julio,7,1400,2015-07-01
2015,Agosto,8,1500,2015-08-01
2015,Septiembre,9,1390,2015-09-01
2015,Octubre,10,1140,2015-10-01
2015,Noviembre,11,1000,2015-11-01
2015,Diciembre,12,1000,2015-12-01
2016,Enero,1,1000,2016-01-01
2016,Febrero,2,1170,2016-02-01
2016,Marzo,3,1600,2016-03-01
2016,Abril,4,1610,2016-04-01
2016,Mayo,5,1500,2016-05-01
2016,Junio,6,1400,2016-06-01
2016,Julio,7,1400,2016-07-01
2016,Agosto,8,1450,2016-08-01
2016,Septiembre,9,1450,2016-09-01
2016,Octubre,10,1400,2016-10-01
2016,Noviembre,11,1500,2016-11-01
2016,Diciembre,12,1625,2016-12-01
2017,Enero,1,1700,2017-01-01
2017,Febrero,2,1700,2017-02-01
2017,Marzo,3,1500,2017-03-01
2017,Abril,4,1690,2017-04-01
2017,Mayo,5,1700,2017-05-01
2017,Junio,6,1900,2017-06-01
2017,Julio,7,1950,2017-07-01
2017,Agosto,8,1980,2017-08-01
2017,Septiembre,9,2100,2017-09-01
2017,Octubre,10,2300,2017-10-01
2017,Noviembre,11,2000,2017-11-01
2017,Diciembre,12,1800,2017-12-01
2018,Enero,1,1550,2018-01-01
2018,Febrero,2,1480,2018-02-01
2018,Marzo,3,1700,2018-03-01
2018,Abril,4,1800,2018-04-01
2018,Mayo,5,1600,2018-05-01
2018,Junio,6,1600,2018-06-01
2018,Julio,7,1300,2018-07-01
2018,Agosto,8,1450,2018-08-01
2018,Septiembre,9,1650,2018-09-01
2018,Octubre,10,1525,2018-10-01
2018,Noviembre,11,1400,2018-11-01
2018,Diciembre,12,1300,2018-12-01
2019,Enero,1,1280,2019-01-01
2019,Febrero,2,1480,2019-02-01
2019,Marzo,3,1600,2019-03-01
2019,Abril,4,1450,2019-04-01
2019,Mayo,5,1200,2019-05-01
2019,Junio,6,1000,2019-06-01
2019,Julio,7,1200,2019-07-01
2019,Agosto,8,1350,2019-08-01
2019,Septiembre,9,1100,2019-09-01
2019,Octubre,10,900,2019-10-01
2019,Noviembre,11,900,2019-11-01
2019,Diciembre,12,1050,2019-12-01
2020,Enero,1,1350,2020-01-01
2020,Febrero,2,1475,2020-02-01
2020,Marzo,3,1500,2020-03-01
2020,Abril,4,1400,2020-04-01
2020,Mayo,5,1200,2020-05-01
2020,Junio,6,1200,2020-06-01
2020,Julio,7,1550,2020-07-01
2020,Agosto,8,1625,2020-08-01
2020,Septiembre,9,1325,2020-09-01
2020,Octubre,10,1300,2020-10-01
2020,Noviembre,11,1400,2020-11-01
2020,Diciembre,12,1300,2020-12-01
2021,Enero,1,1200,2021-01-01
2021,Febrero,2,1300,2021-02-01
2021,Marzo,3,1350,2021-03-01
2021,Abril,4,1340,2021-04-01
2021,Mayo,5,1280,2021-05-01
2021,Junio,6,1350,2021-06-01
2021,Julio,7,1500,2021-07-01
2021,Agosto,8,1400,2021-08-01
2021,Septiembre,9,1300,2021-09-01
2021,Octubre,10,1500,2021-10-01
2021,Noviembre,11,1600,2021-11-01
2021,Diciembre,12,1750,2021-12-01
2022,Enero,1,1600,2022-01-01
2022,Febrero,2,1650,2022-02-01
2022,Marzo,3,1900,2022-03-01
2022,Abril,4,1800,2022-04-01
2022,Mayo,5,1600,2022-05-01
2022,Junio,6,1425,2022-06-01
2022,Julio,7,1600,2022-07-01
2022,Agosto,8,1800,2022-08-01
2022,Septiembre,9,1600,2022-09-01
2022,Octubre,10,1580,2022-10-01
2022,Noviembre,11,1700,2022-11-01
2022,Diciembre,12,1700,2022-12-01
2023,Enero,1,1680,2023-01-01
2023,Febrero,2,1800,2023-02-01
2023,Marzo,3,1980,2023-03-01
2023,Abril,4,2000,2023-04-01
2023,Mayo,5,2000,2023-05-01
2023,Junio,6,2000,2023-06-01
2023,Julio,7,1900,2023-07-01
2023,Agosto,8,1800,2023-08-01
2023,Septiembre,9,1700,2023-09-01
2023,Octubre,10,1600,2023-10-01
2023,Noviembre,11,1500,2023-11-01
2023,Diciembre,12,1450,2023-12-01
2024,Enero,1,1400,2024-01-01
2024,Febrero,2,1300,2024-02-01
2024,Marzo,3,1300,2024-03-01
2024,Abril,4,1375,2024-04-01
2024,Mayo,5,1480,2024-05-01
2024,Junio,6,1580,2024-06-01
2024,Julio,7,1580,2024-07-01
2024,Agosto,8,1250,2024-08-01
2024,Septiembre,9,1400,2024-09-01
2024,Octubre,10,1500,2024-10-01
2024,Noviembre,11,1550,2024-11-01
2024,Diciembre,12,1540,2024-12-01
2025,Enero,1,1540,2025-01-01
2025,Febrero,2,1700,2025-02-01
2025,Marzo,3,1740,2025-03-01
2025,Abril,4,1550,2025-04-01
2025,Mayo,5,1480,2025-05-01
2025,Junio,6,1500,2025-06-01
2025,Julio,7,1500,2025-07-01
2025,Agosto,8,1550,2025-08-01
2025,Septiembre,9,1600,2025-09-01
2025,Octubre,10,1670,2025-10-01
2025,Noviembre,11,1580,2025-11-01
2025,Diciembre,12,1470,2025-12-01
2026,Enero,1,1500,2026-01-01
2026,Febrero,2,1580,2026-02-01
2026,Marzo,3,2000,2026-03-01
2026,Abril,4,1875,2026-04-01
2026,Mayo,5,1730,2026-05-01
2026,Junio,6,1700,2026-06-01
2026,Julio,7,1850,2026-07-01
2026,Agosto,8,2100,2026-08-01
2026,Septiembre,9,2275,2026-09-01
